ts,host,load1,mem_total_mb,mem_avail_mb,swap_used_mb,idle,us,sy,si,so
21:43:32,yggdrasil,8.47,31935,5941,4342,0,0,0,0,720
21:43:33,vm105,0.10,7850,5202,0,0,0,0,0,0
21:43:42,vm102,ERR,,,,,,,,
21:44:11,yggdrasil,8.56,31935,6096,4344,0,0,0,0,0
21:44:13,vm105,0.24,7850,5215,0,0,0,0,0,0
21:44:23,vm102,ERR,,,,,,,,
21:44:53,yggdrasil,8.50,31935,6101,4344,0,3,1,0,0
21:44:54,vm105,0.33,7850,5198,0,0,1,1,0,0
21:45:02,vm102,ERR,,,,,,,,
21:45:32,yggdrasil,8.66,31935,6010,4347,1,0,0,0,0
21:45:33,vm105,0.23,7850,5220,0,0,0,0,0,0
21:45:41,vm102,ERR,,,,,,,,
21:46:10,yggdrasil,8.71,31935,5942,4347,0,0,0,0,732
21:46:12,vm105,0.26,7850,5199,0,0,0,0,0,0
21:46:20,vm102,ERR,,,,,,,,
21:46:49,yggdrasil,8.64,31935,6114,4348,1,0,0,0,0
21:46:51,vm105,0.14,7850,5203,0,0,1,1,0,0
21:47:01,vm102,ERR,,,,,,,,
21:47:31,yggdrasil,7.90,31935,6066,4349,0,0,0,0,0
21:47:32,vm105,0.20,7850,5200,0,0,0,0,0,0
21:47:40,vm102,ERR,,,,,,,,
21:48:09,yggdrasil,7.92,31935,6086,4350,0,0,0,0,0
21:48:11,vm105,0.59,7850,5206,0,0,4,1,0,0
21:48:19,vm102,ERR,,,,,,,,
21:48:48,yggdrasil,6.13,31935,6138,4350,0,0,0,0,3544
21:48:50,vm105,0.46,7850,5197,0,0,1,1,0,0
21:48:58,vm102,ERR,,,,,,,,
21:49:27,yggdrasil,7.11,31935,6132,4354,0,0,0,0,0
21:49:28,vm105,0.29,7850,5199,0,0,0,0,0,0
21:49:36,vm102,ERR,,,,,,,,
21:50:06,yggdrasil,7.85,31935,6151,4355,5,1,1,0,0
21:50:07,vm105,0.31,7850,5210,0,0,1,1,0,0
21:50:15,vm102,ERR,,,,,,,,
21:50:44,yggdrasil,8.08,31935,6130,4355,1,0,0,0,0
21:50:46,vm105,0.47,7850,5199,0,3,0,0,0,0
21:50:54,vm102,ERR,,,,,,,,
21:51:23,yggdrasil,8.44,31935,6172,4357,1,0,0,20,0
21:51:25,vm105,0.31,7850,5199,0,2,0,1,0,0
21:51:33,vm102,ERR,,,,,,,,
21:52:02,yggdrasil,8.36,31935,6073,4357,0,0,0,0,0
21:52:04,vm105,0.44,7850,5214,0,2,1,1,0,0
21:52:12,vm102,ERR,,,,,,,,
21:52:41,yggdrasil,8.56,31935,6175,4357,0,0,0,0,0
21:52:43,vm105,0.31,7850,5214,0,0,0,0,0,0
21:52:51,vm102,ERR,,,,,,,,
21:53:20,yggdrasil,8.58,31935,6137,4357,0,0,0,0,0
21:53:21,vm105,0.16,7850,5200,0,0,0,1,0,0
21:53:29,vm102,ERR,,,,,,,,
21:53:59,yggdrasil,8.56,31935,6055,4359,0,5,1,0,0
21:54:00,vm105,0.15,7850,5196,0,0,0,0,0,0
21:54:08,vm102,ERR,,,,,,,,
21:54:38,yggdrasil,8.80,31935,6167,4360,0,0,1,0,0
21:54:39,vm105,0.19,7850,5197,0,0,5,3,0,0
21:54:50,vm102,ERR,,,,,,,,
21:55:19,yggdrasil,8.74,31935,6145,4361,0,0,2,0,0
21:55:21,vm105,0.10,7850,5207,0,0,3,2,0,0
21:55:29,vm102,ERR,,,,,,,,
21:55:58,yggdrasil,8.45,31935,6144,4361,12,6,1,0,0
21:55:59,vm105,0.63,7850,5213,0,1,0,0,0,0
21:56:07,vm102,ERR,,,,,,,,
21:56:37,yggdrasil,8.41,31935,6135,4364,1,0,0,0,0
21:56:38,vm105,0.64,7850,5215,0,0,0,0,0,0
21:56:46,vm102,ERR,,,,,,,,
21:57:15,yggdrasil,8.33,31935,6201,4365,0,1,1,0,0
21:57:17,vm105,0.32,7850,5197,0,0,0,0,0,0
21:57:25,vm102,ERR,,,,,,,,
21:57:54,yggdrasil,8.46,31935,6161,4366,0,0,0,0,0
21:57:56,vm105,0.29,7850,5199,0,1,0,0,0,0
21:58:04,vm102,ERR,,,,,,,,
21:58:33,yggdrasil,9.40,31935,6115,4368,0,0,0,0,0
21:58:35,vm105,0.21,7850,5206,0,3,0,0,0,0
21:58:45,vm102,ERR,,,,,,,,
21:59:15,yggdrasil,8.80,31935,6170,4368,0,3,1,0,0
21:59:16,vm105,0.33,7850,5198,0,5,0,0,0,0
21:59:24,vm102,ERR,,,,,,,,
21:59:53,yggdrasil,8.67,31935,6207,4371,0,0,0,4,0
21:59:55,vm105,0.17,7850,5193,0,2,1,1,0,0
22:00:03,vm102,ERR,,,,,,,,
22:00:32,yggdrasil,8.74,31935,6117,4373,1,0,0,0,0
22:00:34,vm105,0.19,7850,5196,0,2,0,1,0,0
22:00:42,vm102,ERR,,,,,,,,
22:01:11,yggdrasil,8.43,31935,6137,4380,0,0,0,4,0
22:01:12,vm105,0.24,7850,5199,0,0,0,0,0,0
22:01:20,vm102,ERR,,,,,,,,
22:01:50,yggdrasil,8.15,31935,6150,4381,0,0,0,0,0
22:01:51,vm105,0.29,7850,5202,0,0,1,1,0,0
22:01:59,vm102,ERR,,,,,,,,
22:02:29,yggdrasil,8.38,31935,6100,4382,4,6,1,0,0
22:02:30,vm105,0.27,7850,5196,0,1,0,0,0,0
22:02:38,vm102,ERR,,,,,,,,
22:03:07,yggdrasil,8.26,31935,6163,4382,0,0,0,0,0
22:03:09,vm105,0.30,7850,5194,0,0,1,1,0,0
22:03:17,vm102,ERR,,,,,,,,
22:03:46,yggdrasil,8.40,31935,6171,4384,0,0,0,0,0
22:03:48,vm105,0.30,7850,5203,0,0,5,2,0,0
22:03:56,vm102,ERR,,,,,,,,
22:04:25,yggdrasil,8.67,31935,6182,4384,0,1,1,0,0
22:04:27,vm105,0.16,7850,5216,0,0,0,0,0,0
22:04:37,vm102,ERR,,,,,,,,
22:05:06,yggdrasil,8.36,31935,6140,4384,0,0,0,0,0
22:05:08,vm105,0.21,7850,5215,0,0,0,0,0,0
22:05:16,vm102,ERR,,,,,,,,
22:05:45,yggdrasil,8.38,31935,6140,4384,1,1,1,4,0
22:05:47,vm105,1.21,7850,5225,0,0,0,1,0,0
22:05:55,vm102,ERR,,,,,,,,
22:06:24,yggdrasil,8.21,31935,6163,4385,0,0,2,0,0
22:06:26,vm105,0.88,7850,5225,0,1,1,2,0,0
22:06:34,vm102,ERR,,,,,,,,
22:07:03,yggdrasil,8.34,31935,6020,4385,3,0,0,0,0
22:07:05,vm105,0.70,7850,5210,0,1,0,0,0,0
22:07:13,vm102,ERR,,,,,,,,
22:07:42,yggdrasil,7.80,31935,6142,4388,0,0,0,0,0
22:07:44,vm105,0.59,7850,5218,0,1,0,1,0,0
22:07:52,vm102,ERR,,,,,,,,
22:08:21,yggdrasil,8.06,31935,6173,4389,1,0,0,0,0
22:08:22,vm105,0.30,7850,5218,0,0,2,2,0,0
22:08:30,vm102,ERR,,,,,,,,
22:09:00,yggdrasil,8.21,31935,6014,4390,0,0,0,0,0
22:09:01,vm105,0.17,7850,5207,0,0,1,0,0,0
22:09:09,vm102,ERR,,,,,,,,
22:09:39,yggdrasil,8.25,31935,6179,4391,0,0,0,0,0
22:09:40,vm105,0.08,7850,5216,0,0,1,1,0,0
22:09:48,vm102,ERR,,,,,,,,
22:10:17,yggdrasil,8.33,31935,6151,4392,0,0,0,0,0
22:10:19,vm105,0.04,7850,5202,0,0,0,0,0,0
22:10:27,vm102,ERR,,,,,,,,
22:10:56,yggdrasil,8.34,31935,6206,4394,0,0,0,0,0
22:10:58,vm105,0.02,7850,5218,0,0,0,0,0,0
22:11:06,vm102,ERR,,,,,,,,
22:11:35,yggdrasil,8.31,31935,6087,4394,3,1,1,1036,0
22:11:37,vm105,0.01,7850,5206,0,0,1,1,0,0
22:11:45,vm102,ERR,,,,,,,,
22:12:14,yggdrasil,8.57,31935,6158,4396,0,0,0,0,0
22:12:16,vm105,0.11,7850,5206,0,3,6,0,0,0
22:12:24,vm102,ERR,,,,,,,,
22:12:53,yggdrasil,8.19,31935,6150,4396,0,0,0,0,0
22:12:54,vm105,0.21,7850,5219,0,0,1,1,0,0
22:13:03,vm102,ERR,,,,,,,,
22:13:32,yggdrasil,8.10,31935,6090,4396,1,0,1,0,0
22:13:33,vm105,0.11,7850,5210,0,0,1,0,0,0
22:13:41,vm102,ERR,,,,,,,,
22:14:11,yggdrasil,8.16,31935,6170,4396,0,0,0,0,0
22:14:12,vm105,0.13,7850,5213,0,1,2,3,0,0
22:14:20,vm102,ERR,,,,,,,,
22:14:50,yggdrasil,8.33,31935,6350,4396,0,0,0,0,0
22:14:51,vm105,0.20,7850,5225,0,0,0,0,0,0
22:14:59,vm102,ERR,,,,,,,,
22:15:28,yggdrasil,8.48,31935,6275,4396,6,6,1,0,0
22:15:30,vm105,0.10,7850,5207,0,1,0,0,0,0
22:15:38,vm102,ERR,,,,,,,,
22:16:07,yggdrasil,8.59,31935,6315,4399,0,0,0,0,0
22:16:09,vm105,0.13,7850,5218,0,0,0,0,0,0
22:16:17,vm102,ERR,,,,,,,,
22:16:46,yggdrasil,8.48,31935,6310,4399,1,1,1,4,0
22:16:48,vm105,0.20,7850,5211,0,0,0,0,0,0
22:16:56,vm102,ERR,,,,,,,,
22:17:25,yggdrasil,8.39,31935,6341,4400,1,1,1,12,0
22:17:26,vm105,0.11,7850,5208,0,0,0,0,0,0
22:17:34,vm102,ERR,,,,,,,,
22:18:04,yggdrasil,8.61,31935,6316,4400,1,0,0,12,1320
22:18:05,vm105,0.06,7850,5202,0,3,1,0,0,0
22:18:13,vm102,ERR,,,,,,,,
22:18:43,yggdrasil,8.93,31935,6310,4402,0,0,0,0,0
22:18:44,vm105,0.03,7850,5209,0,0,6,3,0,0
22:18:52,vm102,ERR,,,,,,,,
22:19:21,yggdrasil,8.62,31935,6359,4402,0,0,0,0,0
22:19:23,vm105,0.01,7850,5227,0,0,1,2,0,0
22:19:31,vm102,ERR,,,,,,,,
22:20:00,yggdrasil,8.53,31935,6287,4403,0,0,0,0,0
22:20:02,vm105,0.06,7850,5212,0,0,1,0,0,0
22:20:10,vm102,ERR,,,,,,,,
22:20:39,yggdrasil,8.98,31935,6315,4404,0,0,0,0,0
22:20:41,vm105,0.16,7850,5200,0,0,0,0,0,0
22:20:49,vm102,ERR,,,,,,,,
22:21:18,yggdrasil,9.08,31935,6317,4404,0,0,0,0,0
22:21:20,vm105,0.16,7850,5220,0,0,0,0,0,0
22:21:28,vm102,ERR,,,,,,,,
22:21:57,yggdrasil,8.56,31935,6348,4405,0,0,0,0,0
22:21:59,vm105,0.08,7850,5223,0,0,0,0,0,0
22:22:07,vm102,ERR,,,,,,,,
22:22:36,yggdrasil,8.69,31935,6291,4405,0,0,0,4,0
22:22:38,vm105,0.20,7850,5220,0,0,0,0,0,0
22:22:46,vm102,ERR,,,,,,,,
22:23:15,yggdrasil,9.01,31935,6317,4407,1,1,1,12,0
22:23:17,vm105,0.11,7850,5210,0,0,0,0,0,0
22:23:25,vm102,ERR,,,,,,,,
